{
  "config": "{\"version\":\"5.42\",\"themeCollection\":{\"baseTheme\":{\"name\":\"CY22SU11\",\"version\":\"5.40\",\"type\":2}},\"activeSectionIndex\":6,\"defaultDrillFilterOtherVisuals\":true,\"slowDataSourceSettings\":{\"isCrossHighlightingDisabled\":false,\"isSlicerSelectionsButtonEnabled\":false,\"isFilterSelectionsButtonEnabled\":false,\"isFieldWellButtonEnabled\":false,\"isApplyAllButtonEnabled\":false},\"linguisticSchemaSyncVersion\":2,\"settings\":{\"isPersistentUserStateDisabled\":true,\"hideVisualContainerHeader\":false,\"useStylableVisualContainerHeader\":true,\"exportDataMode\":1,\"useNewFilterPaneExperience\":true,\"optOutNewFilterPaneExperience\":false,\"defaultFilterActionIsDataFilter\":true,\"useCrossReportDrillthrough\":false,\"allowChangeFilterTypes\":true,\"allowInlineExploration\":false,\"disableFilterPaneSearch\":false,\"enableDeveloperMode\":false,\"useEnhancedTooltips\":true,\"useDefaultAggregateDisplayName\":true},\"objects\":{\"section\":[{\"properties\":{\"verticalAlignment\":{\"expr\":{\"Literal\":{\"Value\":\"'Middle'\"}}}}}],\"outspacePane\":[{\"properties\":{\"expanded\":{\"expr\":{\"Literal\":{\"Value\":\"true\"}}}}}]}}",
  "layoutOptimization": 0,
  "pods": [
    {
      "boundSection": "ReportSection8952e5fd70dcea579d3b",
      "config": "{}",
      "name": "Pod",
      "parameters": "[{\"name\":\"Param_Filter5672c37ae12a5f305a6d\",\"boundFilter\":\"Filter5672c37ae12a5f305a6d\",\"fieldExpr\":{\"Column\":{\"Expression\":{\"SourceRef\":{\"Entity\":\"Inventory\"}},\"Property\":\"Item\"}}}]",
      "type": 1
    },
    {
      "boundSection": "ReportSectionadc267c0d12e40458799",
      "config": "{}",
      "name": "Pod1",
      "parameters": "[{\"name\":\"Param_Filter75e55e450b3309ffd834\",\"boundFilter\":\"Filter75e55e450b3309ffd834\",\"fieldExpr\":{\"Column\":{\"Expression\":{\"SourceRef\":{\"Entity\":\"Inventory\"}},\"Property\":\"Quantity\"}},\"asAggregation\":true}]",
      "type": 2
    }
  ],
  "publicCustomVisuals": [
    "Aquarium1442671919391",
    "BarChartF5983CEA542C47889C9DE852B430DE5F"
  ],
  "resourcePackages": [
    {
      "resourcePackage": {
        "disabled": false,
        "items": [
          {
            "name": "CY22SU11",
            "path": "BaseThemes/CY22SU11.json",
            "type": 202
          }
        ],
        "name": "SharedResources",
        "type": 2
      }
    },
    {
      "resourcePackage": {
        "disabled": false,
        "items": [
          {
            "name": "pbilogo011716949638171492.png",
            "path": "pbilogo011716949638171492.png",
            "type": 100
          }
        ],
        "name": "RegisteredResources",
        "type": 1
      }
    }
  ],
  "sections": [
    {
      "config": "{}",
      "displayName": "Overview",
      "displayOption": 1,
      "filters": "[]",
      "height": 720.00,
      "name": "ReportSection",
      "visualContainers": [
        {
          "config": "{\"name\":\"004ba1a278a57081b35c\",\"layouts\":[{\"id\":0,\"position\":{\"x\":0,\"y\":0,\"z\":4500,\"width\":197.38317757009344,\"height\":100,\"tabOrder\":2000}}],\"singleVisual\":{\"visualType\":\"image\",\"drillFilterOtherVisuals\":true,\"objects\":{\"general\":[{\"properties\":{\"imageUrl\":{\"expr\":{\"ResourcePackageItem\":{\"PackageName\":\"RegisteredResources\",\"PackageType\":1,\"ItemName\":\"pbilogo011716949638171492.png\"}}}}}]},\"vcObjects\":{\"title\":[{\"properties\":{\"show\":{\"expr\":{\"Literal\":{\"Value\":\"false\"}}},\"text\":{\"expr\":{\"Literal\":{\"Value\":\"'Logo'\"}}}}}]}}}",
          "filters": "[]",
          "height": 100.00,
          "width": 197.38,
          "x": 0.00,
          "y": 0.00,
          "z": 4500.00
        },
        {
          "config": "{\"name\":\"3f7d302598c1e81e7e78\",\"layouts\":[{\"id\":0,\"position\":{\"x\":0,\"y\":142.22222222222223,\"z\":3000,\"width\":1280,\"height\":288.7111111111111,\"tabOrder\":3000}}],\"singleVisual\":{\"visualType\":\"barChart\",\"projections\":{\"Category\":[{\"queryRef\":\"Inventory.Item\",\"active\":true}],\"Y\":[{\"queryRef\":\"Sum(Inventory.Quantity)\"}]},\"prototypeQuery\":{\"Version\":2,\"From\":[{\"Name\":\"i\",\"Entity\":\"Inventory\",\"Type\":0}],\"Select\":[{\"Column\":{\"Expression\":{\"SourceRef\":{\"Source\":\"i\"}},\"Property\":\"Item\"},\"Name\":\"Inventory.Item\"},{\"Aggregation\":{\"Expression\":{\"Column\":{\"Expression\":{\"SourceRef\":{\"Source\":\"i\"}},\"Property\":\"Quantity\"}},\"Function\":0},\"Name\":\"Sum(Inventory.Quantity)\"}],\"OrderBy\":[{\"Direction\":2,\"Expression\":{\"Aggregation\":{\"Expression\":{\"Column\":{\"Expression\":{\"SourceRef\":{\"Source\":\"i\"}},\"Property\":\"Quantity\"}},\"Function\":0}}}]},\"drillFilterOtherVisuals\":true,\"hasDefaultSort\":true,\"vcObjects\":{\"title\":[{\"properties\":{\"text\":{\"expr\":{\"Literal\":{\"Value\":\"'Quantity Bar Chart'\"}}}}}],\"subTitle\":[{\"properties\":{\"show\":{\"expr\":{\"Literal\":{\"Value\":\"true\"}}}}}]}}}",
          "filters": "[]",
          "height": 288.71,
          "width": 1280.00,
          "x": 0.00,
          "y": 142.22,
          "z": 3000.00
        },
        {
          "config": "{\"name\":\"5094f3ff553da63e610e\",\"layouts\":[{\"id\":0,\"position\":{\"x\":0,\"y\":430.93333333333334,\"z\":1000,\"width\":1280,\"height\":288.7111111111111,\"tabOrder\":1000}}],\"singleVisual\":{\"visualType\":\"columnChart\",\"projections\":{\"Category\":[{\"queryRef\":\"Inventory.Item\",\"active\":true}],\"Y\":[{\"queryRef\":\"Sum(Inventory.Quantity)\"}]},\"prototypeQuery\":{\"Version\":2,\"From\":[{\"Name\":\"i\",\"Entity\":\"Inventory\",\"Type\":0}],\"Select\":[{\"Column\":{\"Expression\":{\"SourceRef\":{\"Source\":\"i\"}},\"Property\":\"Item\"},\"Name\":\"Inventory.Item\"},{\"Aggregation\":{\"Expression\":{\"Column\":{\"Expression\":{\"SourceRef\":{\"Source\":\"i\"}},\"Property\":\"Quantity\"}},\"Function\":0},\"Name\":\"Sum(Inventory.Quantity)\"}],\"OrderBy\":[{\"Direction\":2,\"Expression\":{\"Aggregation\":{\"Expression\":{\"Column\":{\"Expression\":{\"SourceRef\":{\"Source\":\"i\"}},\"Property\":\"Quantity\"}},\"Function\":0}}}]},\"drillFilterOtherVisuals\":true,\"hasDefaultSort\":true,\"vcObjects\":{\"title\":[{\"properties\":{\"text\":{\"expr\":{\"Literal\":{\"Value\":\"'Quantity Column chart'\"}}}}}],\"subTitle\":[{\"properties\":{\"show\":{\"expr\":{\"Literal\":{\"Value\":\"true\"}}}}}]}}}",
          "filters": "[]",
          "height": 288.71,
          "width": 1280.00,
          "x": 0.00,
          "y": 430.93,
          "z": 1000.00
        },
        {
          "config": "{\"name\":\"9fc6ae0a41d3cd37389c\",\"layouts\":[{\"id\":0,\"position\":{\"x\":995.6908665105386,\"y\":0,\"z\":4000,\"width\":284.1217798594848,\"height\":75.0351288056206,\"tabOrder\":4000}}],\"singleVisual\":{\"visualType\":\"slicer\",\"projections\":{\"Values\":[{\"queryRef\":\"Inventory.Item\",\"active\":true}]},\"prototypeQuery\":{\"Version\":2,\"From\":[{\"Name\":\"i\",\"Entity\":\"Inventory\",\"Type\":0}],\"Select\":[{\"Column\":{\"Expression\":{\"SourceRef\":{\"Source\":\"i\"}},\"Property\":\"Item\"},\"Name\":\"Inventory.Item\"}]},\"drillFilterOtherVisuals\":true,\"objects\":{\"data\":[{\"properties\":{\"mode\":{\"expr\":{\"Literal\":{\"Value\":\"'Dropdown'\"}}}}}],\"general\":[{\"properties\":{}}]}}}",
          "filters": "[]",
          "height": 75.04,
          "width": 284.12,
          "x": 995.69,
          "y": 0.00,
          "z": 4000.00
        },
        {
          "config": "{\"name\":\"f33c36cc9219f5796fa7\",\"layouts\":[{\"id\":0,\"position\":{\"x\":263.1111111111111,\"y\":0,\"z\":4250,\"width\":207.64444444444445,\"height\":109.5111111111111,\"tabOrder\":0}}],\"singleVisual\":{\"visualType\":\"card\",\"projections\":{\"Values\":[{\"queryRef\":\"Sum(Inventory.Quantity)\"}]},\"prototypeQuery\":{\"Version\":2,\"From\":[{\"Name\":\"i\",\"Entity\":\"Inventory\",\"Type\":0}],\"Select\":[{\"Aggregation\":{\"Expression\":{\"Column\":{\"Expression\":{\"SourceRef\":{\"Source\":\"i\"}},\"Property\":\"Quantity\"}},\"Function\":0},\"Name\":\"Sum(Inventory.Quantity)\"}],\"OrderBy\":[{\"Direction\":2,\"Expression\":{\"Aggregation\":{\"Expression\":{\"Column\":{\"Expression\":{\"SourceRef\":{\"Source\":\"i\"}},\"Property\":\"Quantity\"}},\"Function\":0}}}]},\"columnProperties\":{\"Sum(Inventory.Quantity)\":{\"displayName\":\"Quantity\"}},\"drillFilterOtherVisuals\":true,\"hasDefaultSort\":true}}",
          "filters": "[]",
          "height": 109.51,
          "width": 207.64,
          "x": 263.11,
          "y": 0.00,
          "z": 4250.00
        }
      ],
      "width": 1280.00
    },
    {
      "config": "{}",
      "displayName": "TopN filtering",
      "displayOption": 1,
      "filters": "[]",
      "height": 720.00,
      "name": "ReportSection3440cc1dc4ec63ca3d06",
      "ordinal": 4,
      "visualContainers": [
        {
          "config": "{\"name\":\"0e1feb172e192d6ea8cf\",\"layouts\":[{\"id\":0,\"position\":{\"x\":0,\"y\":430.93333333333334,\"z\":1000,\"width\":1280,\"height\":288.7111111111111,\"tabOrder\":1000}}],\"singleVisual\":{\"visualType\":\"columnChart\",\"projections\":{\"Category\":[{\"queryRef\":\"Inventory.Item\",\"active\":true}],\"Y\":[{\"queryRef\":\"Sum(Inventory.Quantity)\"}]},\"prototypeQuery\":{\"Version\":2,\"From\":[{\"Name\":\"i\",\"Entity\":\"Inventory\",\"Type\":0}],\"Select\":[{\"Column\":{\"Expression\":{\"SourceRef\":{\"Source\":\"i\"}},\"Property\":\"Item\"},\"Name\":\"Inventory.Item\"},{\"Aggregation\":{\"Expression\":{\"Column\":{\"Expression\":{\"SourceRef\":{\"Source\":\"i\"}},\"Property\":\"Quantity\"}},\"Function\":0},\"Name\":\"Sum(Inventory.Quantity)\"}],\"OrderBy\":[{\"Direction\":2,\"Expression\":{\"Aggregation\":{\"Expression\":{\"Column\":{\"Expression\":{\"SourceRef\":{\"Source\":\"i\"}},\"Property\":\"Quantity\"}},\"Function\":0}}}]},\"drillFilterOtherVisuals\":true,\"hasDefaultSort\":true,\"vcObjects\":{\"title\":[{\"properties\":{\"text\":{\"expr\":{\"Literal\":{\"Value\":\"'Quantity Column chart'\"}}}}}],\"subTitle\":[{\"properties\":{\"show\":{\"expr\":{\"Literal\":{\"Value\":\"true\"}}}}}]}}}",
          "filters": "[{\"expression\":{\"Column\":{\"Expression\":{\"SourceRef\":{\"Entity\":\"Inventory\"}},\"Property\":\"Item\"}},\"filter\":{\"Version\":2,\"From\":[{\"Name\":\"subquery\",\"Expression\":{\"Subquery\":{\"Query\":{\"Version\":2,\"From\":[{\"Name\":\"i\",\"Entity\":\"Inventory\",\"Type\":0}],\"Select\":[{\"Column\":{\"Expression\":{\"SourceRef\":{\"Source\":\"i\"}},\"Property\":\"Item\"},\"Name\":\"field\"}],\"OrderBy\":[{\"Direction\":2,\"Expression\":{\"Aggregation\":{\"Expression\":{\"Column\":{\"Expression\":{\"SourceRef\":{\"Source\":\"i\"}},\"Property\":\"Quantity\"}},\"Function\":0}}}],\"Top\":2}}},\"Type\":2},{\"Name\":\"i\",\"Entity\":\"Inventory\",\"Type\":0}],\"Where\":[{\"Condition\":{\"In\":{\"Expressions\":[{\"Column\":{\"Expression\":{\"SourceRef\":{\"Source\":\"i\"}},\"Property\":\"Item\"}}],\"Table\":{\"SourceRef\":{\"Source\":\"subquery\"}}}}}]},\"type\":\"TopN\",\"howCreated\":0,\"isHiddenInViewMode\":false}]",
          "height": 288.71,
          "width": 1280.00,
          "x": 0.00,
          "y": 430.93,
          "z": 1000.00
        },
        {
          "config": "{\"name\":\"3b2c4e90a78f9bf92492\",\"layouts\":[{\"id\":0,\"position\":{\"x\":263.1111111111111,\"y\":0,\"z\":4250,\"width\":207.64444444444445,\"height\":109.5111111111111,\"tabOrder\":0}}],\"singleVisual\":{\"visualType\":\"card\",\"projections\":{\"Values\":[{\"queryRef\":\"Sum(Inventory.Quantity)\"}]},\"prototypeQuery\":{\"Version\":2,\"From\":[{\"Name\":\"i\",\"Entity\":\"Inventory\",\"Type\":0}],\"Select\":[{\"Aggregation\":{\"Expression\":{\"Column\":{\"Expression\":{\"SourceRef\":{\"Source\":\"i\"}},\"Property\":\"Quantity\"}},\"Function\":0},\"Name\":\"Sum(Inventory.Quantity)\"}],\"OrderBy\":[{\"Direction\":2,\"Expression\":{\"Aggregation\":{\"Expression\":{\"Column\":{\"Expression\":{\"SourceRef\":{\"Source\":\"i\"}},\"Property\":\"Quantity\"}},\"Function\":0}}}]},\"columnProperties\":{\"Sum(Inventory.Quantity)\":{\"displayName\":\"Quantity\"}},\"drillFilterOtherVisuals\":true,\"hasDefaultSort\":true}}",
          "filters": "[]",
          "height": 109.51,
          "width": 207.64,
          "x": 263.11,
          "y": 0.00,
          "z": 4250.00
        },
        {
          "config": "{\"name\":\"8b6553e711e5bddd75dd\",\"layouts\":[{\"id\":0,\"position\":{\"x\":0,\"y\":142.22222222222223,\"z\":3000,\"width\":1280,\"height\":288.7111111111111,\"tabOrder\":3000}}],\"singleVisual\":{\"visualType\":\"barChart\",\"projections\":{\"Category\":[{\"queryRef\":\"Inventory.Item\",\"active\":true}],\"Y\":[{\"queryRef\":\"Sum(Inventory.Quantity)\"}]},\"prototypeQuery\":{\"Version\":2,\"From\":[{\"Name\":\"i\",\"Entity\":\"Inventory\",\"Type\":0}],\"Select\":[{\"Column\":{\"Expression\":{\"SourceRef\":{\"Source\":\"i\"}},\"Property\":\"Item\"},\"Name\":\"Inventory.Item\"},{\"Aggregation\":{\"Expression\":{\"Column\":{\"Expression\":{\"SourceRef\":{\"Source\":\"i\"}},\"Property\":\"Quantity\"}},\"Function\":0},\"Name\":\"Sum(Inventory.Quantity)\"}],\"OrderBy\":[{\"Direction\":2,\"Expression\":{\"Aggregation\":{\"Expression\":{\"Column\":{\"Expression\":{\"SourceRef\":{\"Source\":\"i\"}},\"Property\":\"Quantity\"}},\"Function\":0}}}]},\"drillFilterOtherVisuals\":true,\"hasDefaultSort\":true,\"vcObjects\":{\"title\":[{\"properties\":{\"text\":{\"expr\":{\"Literal\":{\"Value\":\"'Quantity Bar Chart'\"}}}}}],\"subTitle\":[{\"properties\":{\"show\":{\"expr\":{\"Literal\":{\"Value\":\"true\"}}}}}]}}}",
          "filters": "[{\"expression\":{\"Column\":{\"Expression\":{\"SourceRef\":{\"Entity\":\"Inventory\"}},\"Property\":\"Item\"}},\"filter\":{\"Version\":2,\"From\":[{\"Name\":\"subquery\",\"Expression\":{\"Subquery\":{\"Query\":{\"Version\":2,\"From\":[{\"Name\":\"i\",\"Entity\":\"Inventory\",\"Type\":0}],\"Select\":[{\"Column\":{\"Expression\":{\"SourceRef\":{\"Source\":\"i\"}},\"Property\":\"Item\"},\"Name\":\"field\"}],\"OrderBy\":[{\"Direction\":2,\"Expression\":{\"Aggregation\":{\"Expression\":{\"Column\":{\"Expression\":{\"SourceRef\":{\"Source\":\"i\"}},\"Property\":\"Quantity\"}},\"Function\":0}}}],\"Top\":2}}},\"Type\":2},{\"Name\":\"i\",\"Entity\":\"Inventory\",\"Type\":0}],\"Where\":[{\"Condition\":{\"In\":{\"Expressions\":[{\"Column\":{\"Expression\":{\"SourceRef\":{\"Source\":\"i\"}},\"Property\":\"Item\"}}],\"Table\":{\"SourceRef\":{\"Source\":\"subquery\"}}}}}]},\"type\":\"TopN\",\"howCreated\":0,\"isHiddenInViewMode\":false}]",
          "height": 288.71,
          "width": 1280.00,
          "x": 0.00,
          "y": 142.22,
          "z": 3000.00
        },
        {
          "config": "{\"name\":\"9b049318c5cbfc7759d5\",\"layouts\":[{\"id\":0,\"position\":{\"x\":0,\"y\":0,\"z\":4500,\"width\":197.38317757009344,\"height\":100,\"tabOrder\":2000}}],\"singleVisual\":{\"visualType\":\"image\",\"drillFilterOtherVisuals\":true,\"objects\":{\"general\":[{\"properties\":{\"imageUrl\":{\"expr\":{\"ResourcePackageItem\":{\"PackageName\":\"RegisteredResources\",\"PackageType\":1,\"ItemName\":\"pbilogo011716949638171492.png\"}}}}}]},\"vcObjects\":{\"title\":[{\"properties\":{\"show\":{\"expr\":{\"Literal\":{\"Value\":\"false\"}}},\"text\":{\"expr\":{\"Literal\":{\"Value\":\"'Logo'\"}}}}}]}}}",
          "filters": "[]",
          "height": 100.00,
          "width": 197.38,
          "x": 0.00,
          "y": 0.00,
          "z": 4500.00
        },
        {
          "config": "{\"name\":\"b84180aba74c604c49df\",\"layouts\":[{\"id\":0,\"position\":{\"x\":995.6908665105386,\"y\":0,\"z\":4000,\"width\":284.1217798594848,\"height\":75.0351288056206,\"tabOrder\":4000}}],\"singleVisual\":{\"visualType\":\"slicer\",\"projections\":{\"Values\":[{\"queryRef\":\"Inventory.Item\",\"active\":true}]},\"prototypeQuery\":{\"Version\":2,\"From\":[{\"Name\":\"i\",\"Entity\":\"Inventory\",\"Type\":0}],\"Select\":[{\"Column\":{\"Expression\":{\"SourceRef\":{\"Source\":\"i\"}},\"Property\":\"Item\"},\"Name\":\"Inventory.Item\"}]},\"drillFilterOtherVisuals\":true,\"objects\":{\"data\":[{\"properties\":{\"mode\":{\"expr\":{\"Literal\":{\"Value\":\"'Dropdown'\"}}}}}],\"general\":[{\"properties\":{}}]}}}",
          "filters": "[]",
          "height": 75.04,
          "width": 284.12,
          "x": 995.69,
          "y": 0.00,
          "z": 4000.00
        }
      ],
      "width": 1280.00
    },
    {
      "config": "{}",
      "displayName": "Number of objects on visual",
      "displayOption": 1,
      "filters": "[]",
      "height": 720.00,
      "name": "ReportSection4602098ba1ff5a3805a9",
      "ordinal": 5,
      "visualContainers": [
        {
          "config": "{\"name\":\"4044afc9306abf91e79d\",\"layouts\":[{\"id\":0,\"position\":{\"x\":0,\"y\":0,\"z\":4500,\"width\":197.38317757009344,\"height\":100,\"tabOrder\":2000}}],\"singleVisual\":{\"visualType\":\"image\",\"drillFilterOtherVisuals\":true,\"objects\":{\"general\":[{\"properties\":{\"imageUrl\":{\"expr\":{\"ResourcePackageItem\":{\"PackageName\":\"RegisteredResources\",\"PackageType\":1,\"ItemName\":\"pbilogo011716949638171492.png\"}}}}}]},\"vcObjects\":{\"title\":[{\"properties\":{\"show\":{\"expr\":{\"Literal\":{\"Value\":\"false\"}}},\"text\":{\"expr\":{\"Literal\":{\"Value\":\"'Logo'\"}}}}}]}}}",
          "filters": "[]",
          "height": 100.00,
          "width": 197.38,
          "x": 0.00,
          "y": 0.00,
          "z": 4500.00
        },
        {
          "config": "{\"name\":\"94b0607fbdf1330369a0\",\"layouts\":[{\"id\":0,\"position\":{\"x\":263.1111111111111,\"y\":0,\"z\":4250,\"width\":207.64444444444445,\"height\":109.5111111111111,\"tabOrder\":0}}],\"singleVisual\":{\"visualType\":\"card\",\"projections\":{\"Values\":[{\"queryRef\":\"Sum(Inventory.Quantity)\"}]},\"prototypeQuery\":{\"Version\":2,\"From\":[{\"Name\":\"i\",\"Entity\":\"Inventory\",\"Type\":0}],\"Select\":[{\"Aggregation\":{\"Expression\":{\"Column\":{\"Expression\":{\"SourceRef\":{\"Source\":\"i\"}},\"Property\":\"Quantity\"}},\"Function\":0},\"Name\":\"Sum(Inventory.Quantity)\"}],\"OrderBy\":[{\"Direction\":2,\"Expression\":{\"Aggregation\":{\"Expression\":{\"Column\":{\"Expression\":{\"SourceRef\":{\"Source\":\"i\"}},\"Property\":\"Quantity\"}},\"Function\":0}}}]},\"columnProperties\":{\"Sum(Inventory.Quantity)\":{\"displayName\":\"Quantity\"}},\"drillFilterOtherVisuals\":true,\"hasDefaultSort\":true}}",
          "filters": "[]",
          "height": 109.51,
          "width": 207.64,
          "x": 263.11,
          "y": 0.00,
          "z": 4250.00
        },
        {
          "config": "{\"name\":\"e01f1b14a56aa478e620\",\"layouts\":[{\"id\":0,\"position\":{\"x\":995.6908665105386,\"y\":0,\"z\":4000,\"width\":284.1217798594848,\"height\":75.0351288056206,\"tabOrder\":4000}}],\"singleVisual\":{\"visualType\":\"slicer\",\"projections\":{\"Values\":[{\"queryRef\":\"Inventory.Item\",\"active\":true}]},\"prototypeQuery\":{\"Version\":2,\"From\":[{\"Name\":\"i\",\"Entity\":\"Inventory\",\"Type\":0}],\"Select\":[{\"Column\":{\"Expression\":{\"SourceRef\":{\"Source\":\"i\"}},\"Property\":\"Item\"},\"Name\":\"Inventory.Item\"}]},\"drillFilterOtherVisuals\":true,\"objects\":{\"data\":[{\"properties\":{\"mode\":{\"expr\":{\"Literal\":{\"Value\":\"'Dropdown'\"}}}}}],\"general\":[{\"properties\":{}}]}}}",
          "filters": "[]",
          "height": 75.04,
          "width": 284.12,
          "x": 995.69,
          "y": 0.00,
          "z": 4000.00
        },
        {
          "config": "{\"name\":\"e78a74b8026f736154be\",\"layouts\":[{\"id\":0,\"position\":{\"x\":0,\"y\":142.22222222222223,\"z\":3000,\"width\":1280,\"height\":288.7111111111111,\"tabOrder\":3000}}],\"singleVisual\":{\"visualType\":\"clusteredBarChart\",\"projections\":{\"Category\":[{\"queryRef\":\"Inventory.Item\",\"active\":true},{\"queryRef\":\"Inventory.Colour\",\"active\":true}],\"Y\":[{\"queryRef\":\"Sum(Inventory.Quantity)\"},{\"queryRef\":\"Sum(Inventory.Cost per item)\"}]},\"prototypeQuery\":{\"Version\":2,\"From\":[{\"Name\":\"i\",\"Entity\":\"Inventory\",\"Type\":0}],\"Select\":[{\"Column\":{\"Expression\":{\"SourceRef\":{\"Source\":\"i\"}},\"Property\":\"Item\"},\"Name\":\"Inventory.Item\"},{\"Column\":{\"Expression\":{\"SourceRef\":{\"Source\":\"i\"}},\"Property\":\"Colour\"},\"Name\":\"Inventory.Colour\",\"NativeReferenceName\":\"Colour\"},{\"Aggregation\":{\"Expression\":{\"Column\":{\"Expression\":{\"SourceRef\":{\"Source\":\"i\"}},\"Property\":\"Quantity\"}},\"Function\":0},\"Name\":\"Sum(Inventory.Quantity)\"},{\"Aggregation\":{\"Expression\":{\"Column\":{\"Expression\":{\"SourceRef\":{\"Source\":\"i\"}},\"Property\":\"Cost per item\"}},\"Function\":0},\"Name\":\"Sum(Inventory.Cost per item)\",\"NativeReferenceName\":\"Cost per item\"}],\"OrderBy\":[{\"Direction\":2,\"Expression\":{\"Aggregation\":{\"Expression\":{\"Column\":{\"Expression\":{\"SourceRef\":{\"Source\":\"i\"}},\"Property\":\"Quantity\"}},\"Function\":0}}}]},\"autoSelectVisualType\":false,\"drillFilterOtherVisuals\":true,\"hasDefaultSort\":true,\"vcObjects\":{\"title\":[{\"properties\":{\"text\":{\"expr\":{\"Literal\":{\"Value\":\"'Quantity Bar Chart'\"}}}}}],\"subTitle\":[{\"properties\":{\"show\":{\"expr\":{\"Literal\":{\"Value\":\"true\"}}}}}]}}}",
          "filters": "[]",
          "height": 288.71,
          "width": 1280.00,
          "x": 0.00,
          "y": 142.22,
          "z": 3000.00
        },
        {
          "config": "{\"name\":\"f194638008b295259875\",\"layouts\":[{\"id\":0,\"position\":{\"x\":0,\"y\":430.93333333333334,\"z\":1000,\"width\":1280,\"height\":288.7111111111111,\"tabOrder\":1000}}],\"singleVisual\":{\"visualType\":\"columnChart\",\"projections\":{\"Category\":[{\"queryRef\":\"Inventory.Item\",\"active\":true}],\"Y\":[{\"queryRef\":\"Sum(Inventory.Quantity)\"}]},\"prototypeQuery\":{\"Version\":2,\"From\":[{\"Name\":\"i\",\"Entity\":\"Inventory\",\"Type\":0}],\"Select\":[{\"Column\":{\"Expression\":{\"SourceRef\":{\"Source\":\"i\"}},\"Property\":\"Item\"},\"Name\":\"Inventory.Item\"},{\"Aggregation\":{\"Expression\":{\"Column\":{\"Expression\":{\"SourceRef\":{\"Source\":\"i\"}},\"Property\":\"Quantity\"}},\"Function\":0},\"Name\":\"Sum(Inventory.Quantity)\"}],\"OrderBy\":[{\"Direction\":2,\"Expression\":{\"Aggregation\":{\"Expression\":{\"Column\":{\"Expression\":{\"SourceRef\":{\"Source\":\"i\"}},\"Property\":\"Quantity\"}},\"Function\":0}}}]},\"drillFilterOtherVisuals\":true,\"hasDefaultSort\":true,\"vcObjects\":{\"title\":[{\"properties\":{\"text\":{\"expr\":{\"Literal\":{\"Value\":\"'Quantity Column chart'\"}}}}}],\"subTitle\":[{\"properties\":{\"show\":{\"expr\":{\"Literal\":{\"Value\":\"true\"}}}}}]}}}",
          "filters": "[]",
          "height": 288.71,
          "width": 1280.00,
          "x": 0.00,
          "y": 430.93,
          "z": 1000.00
        }
      ],
      "width": 1280.00
    },
    {
      "config": "{}",
      "displayName": "Show items with no data",
      "displayOption": 1,
      "filters": "[]",
      "height": 720.00,
      "name": "ReportSection5f326c8a8185db501ad9",
      "ordinal": 6,
      "visualContainers": [
        {
          "config": "{\"name\":\"5997591ca215542849b0\",\"layouts\":[{\"id\":0,\"position\":{\"x\":263.1111111111111,\"y\":0,\"z\":4250,\"width\":207.64444444444445,\"height\":109.5111111111111,\"tabOrder\":0}}],\"singleVisual\":{\"visualType\":\"card\",\"projections\":{\"Values\":[{\"queryRef\":\"Sum(Inventory.Quantity)\"}]},\"prototypeQuery\":{\"Version\":2,\"From\":[{\"Name\":\"i\",\"Entity\":\"Inventory\",\"Type\":0}],\"Select\":[{\"Aggregation\":{\"Expression\":{\"Column\":{\"Expression\":{\"SourceRef\":{\"Source\":\"i\"}},\"Property\":\"Quantity\"}},\"Function\":0},\"Name\":\"Sum(Inventory.Quantity)\"}],\"OrderBy\":[{\"Direction\":2,\"Expression\":{\"Aggregation\":{\"Expression\":{\"Column\":{\"Expression\":{\"SourceRef\":{\"Source\":\"i\"}},\"Property\":\"Quantity\"}},\"Function\":0}}}]},\"columnProperties\":{\"Sum(Inventory.Quantity)\":{\"displayName\":\"Quantity\"}},\"drillFilterOtherVisuals\":true,\"hasDefaultSort\":true}}",
          "filters": "[]",
          "height": 109.51,
          "width": 207.64,
          "x": 263.11,
          "y": 0.00,
          "z": 4250.00
        },
        {
          "config": "{\"name\":\"797168e1f1e7658ceae6\",\"layouts\":[{\"id\":0,\"position\":{\"x\":0,\"y\":142.22222222222223,\"z\":3000,\"width\":1280,\"height\":288.7111111111111,\"tabOrder\":3000}}],\"singleVisual\":{\"visualType\":\"barChart\",\"projections\":{\"Category\":[{\"queryRef\":\"Inventory.Item\",\"active\":true}],\"Y\":[{\"queryRef\":\"Sum(Inventory.Quantity)\"}]},\"prototypeQuery\":{\"Version\":2,\"From\":[{\"Name\":\"i\",\"Entity\":\"Inventory\",\"Type\":0}],\"Select\":[{\"Column\":{\"Expression\":{\"SourceRef\":{\"Source\":\"i\"}},\"Property\":\"Item\"},\"Name\":\"Inventory.Item\"},{\"Aggregation\":{\"Expression\":{\"Column\":{\"Expression\":{\"SourceRef\":{\"Source\":\"i\"}},\"Property\":\"Quantity\"}},\"Function\":0},\"Name\":\"Sum(Inventory.Quantity)\"}],\"OrderBy\":[{\"Direction\":2,\"Expression\":{\"Aggregation\":{\"Expression\":{\"Column\":{\"Expression\":{\"SourceRef\":{\"Source\":\"i\"}},\"Property\":\"Quantity\"}},\"Function\":0}}}]},\"queryOptions\":{\"keepProjectionOrder\":true},\"drillFilterOtherVisuals\":true,\"hasDefaultSort\":true,\"objects\":{\"dataPoint\":[{\"properties\":{\"fill\":{\"solid\":{\"color\":{\"expr\":{\"Aggregation\":{\"Expression\":{\"Column\":{\"Expression\":{\"SourceRef\":{\"Entity\":\"Inventory\"}},\"Property\":\"Colour\"}},\"Function\":3}}}}}},\"selector\":{\"data\":[{\"dataViewWildcard\":{\"matchingOption\":1}}]}},{\"properties\":{\"fill\":{\"solid\":{\"color\":{\"expr\":{\"Literal\":{\"Value\":\"'#118DFF'\"}}}}}},\"selector\":{\"data\":[{\"scopeId\":{\"Comparison\":{\"ComparisonKind\":0,\"Left\":{\"Column\":{\"Expression\":{\"SourceRef\":{\"Entity\":\"Inventory\"}},\"Property\":\"Colour\"}},\"Right\":{\"Literal\":{\"Value\":\"'Green'\"}}}}}]}}],\"categoryAxis\":[{\"properties\":{\"reverseStackOrder\":{\"expr\":{\"Literal\":{\"Value\":\"false\"}}}}}]},\"vcObjects\":{\"title\":[{\"properties\":{\"text\":{\"expr\":{\"Literal\":{\"Value\":\"'Quantity Bar Chart'\"}}}}}],\"subTitle\":[{\"properties\":{\"show\":{\"expr\":{\"Literal\":{\"Value\":\"true\"}}}}}]}}}",
          "filters": "[]",
          "height": 288.71,
          "width": 1280.00,
          "x": 0.00,
          "y": 142.22,
          "z": 3000.00
        },
        {
          "config": "{\"name\":\"826ca01b78b4d39a5519\",\"layouts\":[{\"id\":0,\"position\":{\"x\":0,\"y\":0,\"z\":4500,\"width\":197.38317757009344,\"height\":100,\"tabOrder\":2000}}],\"singleVisual\":{\"visualType\":\"image\",\"drillFilterOtherVisuals\":true,\"objects\":{\"general\":[{\"properties\":{\"imageUrl\":{\"expr\":{\"ResourcePackageItem\":{\"PackageName\":\"RegisteredResources\",\"PackageType\":1,\"ItemName\":\"pbilogo011716949638171492.png\"}}}}}]},\"vcObjects\":{\"title\":[{\"properties\":{\"show\":{\"expr\":{\"Literal\":{\"Value\":\"false\"}}},\"text\":{\"expr\":{\"Literal\":{\"Value\":\"'Logo'\"}}}}}]}}}",
          "filters": "[]",
          "height": 100.00,
          "width": 197.38,
          "x": 0.00,
          "y": 0.00,
          "z": 4500.00
        },
        {
          "config": "{\"name\":\"97ad01a2b8fbfca3220c\",\"layouts\":[{\"id\":0,\"position\":{\"x\":0,\"y\":430.93333333333334,\"z\":1000,\"width\":1280,\"height\":288.7111111111111,\"tabOrder\":1000}}],\"singleVisual\":{\"visualType\":\"columnChart\",\"projections\":{\"Category\":[{\"queryRef\":\"Inventory.Item\",\"active\":true}],\"Y\":[{\"queryRef\":\"Sum(Inventory.Quantity)\"}]},\"prototypeQuery\":{\"Version\":2,\"From\":[{\"Name\":\"i\",\"Entity\":\"Inventory\",\"Type\":0}],\"Select\":[{\"Column\":{\"Expression\":{\"SourceRef\":{\"Source\":\"i\"}},\"Property\":\"Item\"},\"Name\":\"Inventory.Item\"},{\"Aggregation\":{\"Expression\":{\"Column\":{\"Expression\":{\"SourceRef\":{\"Source\":\"i\"}},\"Property\":\"Quantity\"}},\"Function\":0},\"Name\":\"Sum(Inventory.Quantity)\"}],\"OrderBy\":[{\"Direction\":2,\"Expression\":{\"Aggregation\":{\"Expression\":{\"Column\":{\"Expression\":{\"SourceRef\":{\"Source\":\"i\"}},\"Property\":\"Quantity\"}},\"Function\":0}}}]},\"queryOptions\":{\"keepProjectionOrder\":true},\"drillFilterOtherVisuals\":true,\"hasDefaultSort\":true,\"vcObjects\":{\"title\":[{\"properties\":{\"text\":{\"expr\":{\"Literal\":{\"Value\":\"'Quantity Column chart'\"}}}}}],\"subTitle\":[{\"properties\":{\"show\":{\"expr\":{\"Literal\":{\"Value\":\"true\"}}}}}]}}}",
          "filters": "[]",
          "height": 288.71,
          "width": 1280.00,
          "x": 0.00,
          "y": 430.93,
          "z": 1000.00
        },
        {
          "config": "{\"name\":\"d8882d629c770e538199\",\"layouts\":[{\"id\":0,\"position\":{\"x\":995.6908665105386,\"y\":0,\"z\":4000,\"width\":284.1217798594848,\"height\":75.0351288056206,\"tabOrder\":4000}}],\"singleVisual\":{\"visualType\":\"slicer\",\"projections\":{\"Values\":[{\"queryRef\":\"Inventory.Item\",\"active\":true}]},\"prototypeQuery\":{\"Version\":2,\"From\":[{\"Name\":\"i\",\"Entity\":\"Inventory\",\"Type\":0}],\"Select\":[{\"Column\":{\"Expression\":{\"SourceRef\":{\"Source\":\"i\"}},\"Property\":\"Item\"},\"Name\":\"Inventory.Item\"}]},\"drillFilterOtherVisuals\":true,\"objects\":{\"data\":[{\"properties\":{\"mode\":{\"expr\":{\"Literal\":{\"Value\":\"'Dropdown'\"}}}}}],\"general\":[{\"properties\":{}}]}}}",
          "filters": "[]",
          "height": 75.04,
          "width": 284.12,
          "x": 995.69,
          "y": 0.00,
          "z": 4000.00
        }
      ],
      "width": 1280.00
    },
    {
      "config": "{}",
      "displayName": "Small multiples",
      "displayOption": 1,
      "filters": "[]",
      "height": 720.00,
      "name": "ReportSection64b69f4ca30b28f5a6ef",
      "ordinal": 7,
      "visualContainers": [
        {
          "config": "{\"name\":\"20370078d9784d07f5a5\",\"layouts\":[{\"id\":0,\"position\":{\"x\":0,\"y\":430.93333333333334,\"z\":1000,\"width\":1280,\"height\":288.7111111111111,\"tabOrder\":1000}}],\"singleVisual\":{\"visualType\":\"columnChart\",\"projections\":{\"Category\":[{\"queryRef\":\"Inventory.Item\",\"active\":true}],\"Y\":[{\"queryRef\":\"Sum(Inventory.Quantity)\"}]},\"prototypeQuery\":{\"Version\":2,\"From\":[{\"Name\":\"i\",\"Entity\":\"Inventory\",\"Type\":0}],\"Select\":[{\"Column\":{\"Expression\":{\"SourceRef\":{\"Source\":\"i\"}},\"Property\":\"Item\"},\"Name\":\"Inventory.Item\"},{\"Aggregation\":{\"Expression\":{\"Column\":{\"Expression\":{\"SourceRef\":{\"Source\":\"i\"}},\"Property\":\"Quantity\"}},\"Function\":0},\"Name\":\"Sum(Inventory.Quantity)\"}],\"OrderBy\":[{\"Direction\":2,\"Expression\":{\"Aggregation\":{\"Expression\":{\"Column\":{\"Expression\":{\"SourceRef\":{\"Source\":\"i\"}},\"Property\":\"Quantity\"}},\"Function\":0}}}]},\"drillFilterOtherVisuals\":true,\"hasDefaultSort\":true,\"vcObjects\":{\"title\":[{\"properties\":{\"text\":{\"expr\":{\"Literal\":{\"Value\":\"'Quantity Column chart'\"}}}}}],\"subTitle\":[{\"properties\":{\"show\":{\"expr\":{\"Literal\":{\"Value\":\"true\"}}}}}]}}}",
          "filters": "[]",
          "height": 288.71,
          "width": 1280.00,
          "x": 0.00,
          "y": 430.93,
          "z": 1000.00
        },
        {
          "config": "{\"name\":\"56aa9bed8d2b1fc055f1\",\"layouts\":[{\"id\":0,\"position\":{\"x\":0,\"y\":0,\"z\":4500,\"width\":197.38317757009344,\"height\":100,\"tabOrder\":2000}}],\"singleVisual\":{\"visualType\":\"image\",\"drillFilterOtherVisuals\":true,\"objects\":{\"general\":[{\"properties\":{\"imageUrl\":{\"expr\":{\"ResourcePackageItem\":{\"PackageName\":\"RegisteredResources\",\"PackageType\":1,\"ItemName\":\"pbilogo011716949638171492.png\"}}}}}]},\"vcObjects\":{\"title\":[{\"properties\":{\"show\":{\"expr\":{\"Literal\":{\"Value\":\"false\"}}},\"text\":{\"expr\":{\"Literal\":{\"Value\":\"'Logo'\"}}}}}]}}}",
          "filters": "[]",
          "height": 100.00,
          "width": 197.38,
          "x": 0.00,
          "y": 0.00,
          "z": 4500.00
        },
        {
          "config": "{\"name\":\"5b9c69622752439f71e3\",\"layouts\":[{\"id\":0,\"position\":{\"x\":263.1111111111111,\"y\":0,\"z\":4250,\"width\":207.64444444444445,\"height\":109.5111111111111,\"tabOrder\":0}}],\"singleVisual\":{\"visualType\":\"card\",\"projections\":{\"Values\":[{\"queryRef\":\"Sum(Inventory.Quantity)\"}]},\"prototypeQuery\":{\"Version\":2,\"From\":[{\"Name\":\"i\",\"Entity\":\"Inventory\",\"Type\":0}],\"Select\":[{\"Aggregation\":{\"Expression\":{\"Column\":{\"Expression\":{\"SourceRef\":{\"Source\":\"i\"}},\"Property\":\"Quantity\"}},\"Function\":0},\"Name\":\"Sum(Inventory.Quantity)\"}],\"OrderBy\":[{\"Direction\":2,\"Expression\":{\"Aggregation\":{\"Expression\":{\"Column\":{\"Expression\":{\"SourceRef\":{\"Source\":\"i\"}},\"Property\":\"Quantity\"}},\"Function\":0}}}]},\"columnProperties\":{\"Sum(Inventory.Quantity)\":{\"displayName\":\"Quantity\"}},\"drillFilterOtherVisuals\":true,\"hasDefaultSort\":true}}",
          "filters": "[]",
          "height": 109.51,
          "width": 207.64,
          "x": 263.11,
          "y": 0.00,
          "z": 4250.00
        },
        {
          "config": "{\"name\":\"c452bd077192b9b5730d\",\"layouts\":[{\"id\":0,\"position\":{\"x\":0,\"y\":142.22222222222223,\"z\":3000,\"width\":1280,\"height\":288.7111111111111,\"tabOrder\":3000}}],\"singleVisual\":{\"visualType\":\"barChart\",\"projections\":{\"Category\":[{\"queryRef\":\"Inventory.Item\",\"active\":true}],\"Y\":[{\"queryRef\":\"Sum(Inventory.Quantity)\"}],\"Rows\":[{\"queryRef\":\"Inventory.Colour\"}]},\"prototypeQuery\":{\"Version\":2,\"From\":[{\"Name\":\"i\",\"Entity\":\"Inventory\",\"Type\":0}],\"Select\":[{\"Column\":{\"Expression\":{\"SourceRef\":{\"Source\":\"i\"}},\"Property\":\"Item\"},\"Name\":\"Inventory.Item\"},{\"Aggregation\":{\"Expression\":{\"Column\":{\"Expression\":{\"SourceRef\":{\"Source\":\"i\"}},\"Property\":\"Quantity\"}},\"Function\":0},\"Name\":\"Sum(Inventory.Quantity)\"},{\"Column\":{\"Expression\":{\"SourceRef\":{\"Source\":\"i\"}},\"Property\":\"Colour\"},\"Name\":\"Inventory.Colour\",\"NativeReferenceName\":\"Colour\"}],\"OrderBy\":[{\"Direction\":2,\"Expression\":{\"Aggregation\":{\"Expression\":{\"Column\":{\"Expression\":{\"SourceRef\":{\"Source\":\"i\"}},\"Property\":\"Quantity\"}},\"Function\":0}}}]},\"drillFilterOtherVisuals\":true,\"hasDefaultSort\":true,\"vcObjects\":{\"title\":[{\"properties\":{\"text\":{\"expr\":{\"Literal\":{\"Value\":\"'Quantity Bar Chart'\"}}}}}],\"subTitle\":[{\"properties\":{\"show\":{\"expr\":{\"Literal\":{\"Value\":\"true\"}}}}}]}}}",
          "filters": "[]",
          "height": 288.71,
          "width": 1280.00,
          "x": 0.00,
          "y": 142.22,
          "z": 3000.00
        },
        {
          "config": "{\"name\":\"ed44f20bec75208a2ceb\",\"layouts\":[{\"id\":0,\"position\":{\"x\":995.6908665105386,\"y\":0,\"z\":4000,\"width\":284.1217798594848,\"height\":75.0351288056206,\"tabOrder\":4000}}],\"singleVisual\":{\"visualType\":\"slicer\",\"projections\":{\"Values\":[{\"queryRef\":\"Inventory.Item\",\"active\":true}]},\"prototypeQuery\":{\"Version\":2,\"From\":[{\"Name\":\"i\",\"Entity\":\"Inventory\",\"Type\":0}],\"Select\":[{\"Column\":{\"Expression\":{\"SourceRef\":{\"Source\":\"i\"}},\"Property\":\"Item\"},\"Name\":\"Inventory.Item\"}]},\"drillFilterOtherVisuals\":true,\"objects\":{\"data\":[{\"properties\":{\"mode\":{\"expr\":{\"Literal\":{\"Value\":\"'Dropdown'\"}}}}}],\"general\":[{\"properties\":{}}]}}}",
          "filters": "[]",
          "height": 75.04,
          "width": 284.12,
          "x": 995.69,
          "y": 0.00,
          "z": 4000.00
        }
      ],
      "width": 1280.00
    },
    {
      "config": "{\"visibility\":1,\"type\":2}",
      "displayName": "Detail",
      "displayOption": 1,
      "filters": "[{\"name\":\"Filter5672c37ae12a5f305a6d\",\"expression\":{\"Column\":{\"Expression\":{\"SourceRef\":{\"Entity\":\"Inventory\"}},\"Property\":\"Item\"}},\"filter\":{\"Version\":2,\"From\":[{\"Name\":\"i\",\"Entity\":\"Inventory\",\"Type\":0}],\"Where\":[{\"Condition\":{\"In\":{\"Expressions\":[{\"Column\":{\"Expression\":{\"SourceRef\":{\"Source\":\"i\"}},\"Property\":\"Item\"}}],\"Values\":[[{\"Literal\":{\"Value\":\"'Pear'\"}}]]}}}]},\"type\":\"Categorical\",\"howCreated\":5}]",
      "height": 720.00,
      "name": "ReportSection8952e5fd70dcea579d3b",
      "ordinal": 1,
      "visualContainers": [
        {
          "config": "{\"name\":\"c7537ad56de9ad55aec5\",\"layouts\":[{\"id\":0,\"position\":{\"x\":0,\"y\":0,\"width\":100,\"height\":40,\"z\":1000}}],\"singleVisual\":{\"visualType\":\"actionButton\",\"drillFilterOtherVisuals\":true,\"objects\":{\"icon\":[{\"properties\":{\"shapeType\":{\"expr\":{\"Literal\":{\"Value\":\"'back'\"}}}},\"selector\":{\"id\":\"default\"}}]},\"vcObjects\":{\"visualLink\":[{\"properties\":{\"show\":{\"expr\":{\"Literal\":{\"Value\":\"true\"}}},\"type\":{\"expr\":{\"Literal\":{\"Value\":\"'Back'\"}}}}}]}}}",
          "filters": "[]",
          "height": 40.00,
          "width": 100.00,
          "x": 0.00,
          "y": 0.00,
          "z": 1000.00
        },
        {
          "config": "{\"name\":\"c923890a1b150c50c526\",\"layouts\":[{\"id\":0,\"position\":{\"x\":0,\"y\":81.06666666666666,\"z\":0,\"width\":1280,\"height\":638.5777777777778}}],\"singleVisual\":{\"visualType\":\"tableEx\",\"projections\":{\"Values\":[{\"queryRef\":\"Inventory.Item\"},{\"queryRef\":\"Sum(Inventory.Quantity)\"}]},\"prototypeQuery\":{\"Version\":2,\"From\":[{\"Name\":\"i\",\"Entity\":\"Inventory\",\"Type\":0}],\"Select\":[{\"Column\":{\"Expression\":{\"SourceRef\":{\"Source\":\"i\"}},\"Property\":\"Item\"},\"Name\":\"Inventory.Item\"},{\"Aggregation\":{\"Expression\":{\"Column\":{\"Expression\":{\"SourceRef\":{\"Source\":\"i\"}},\"Property\":\"Quantity\"}},\"Function\":0},\"Name\":\"Sum(Inventory.Quantity)\"}]},\"drillFilterOtherVisuals\":true}}",
          "filters": "[]",
          "height": 638.58,
          "width": 1280.00,
          "x": 0.00,
          "y": 81.07,
          "z": 0.00
        }
      ],
      "width": 1280.00
    },
    {
      "config": "{\"visibility\":1,\"type\":1}",
      "displayName": "Tooltip page",
      "displayOption": 3,
      "filters": "[{\"name\":\"Filter75e55e450b3309ffd834\",\"expression\":{\"Column\":{\"Expression\":{\"SourceRef\":{\"Entity\":\"Inventory\"}},\"Property\":\"Quantity\"}},\"type\":\"Categorical\",\"howCreated\":5}]",
      "height": 240.00,
      "name": "ReportSectionadc267c0d12e40458799",
      "ordinal": 8,
      "visualContainers": [
        {
          "config": "{\"name\":\"2e0a7e2d7d5fdfe4a594\",\"layouts\":[{\"id\":0,\"position\":{\"x\":10,\"y\":0,\"width\":280,\"height\":220,\"z\":0,\"tabOrder\":0}}],\"singleVisual\":{\"visualType\":\"card\",\"projections\":{\"Values\":[{\"queryRef\":\"Sum(Inventory.Quantity)\"}]},\"prototypeQuery\":{\"Version\":2,\"From\":[{\"Name\":\"i\",\"Entity\":\"Inventory\",\"Type\":0}],\"Select\":[{\"Aggregation\":{\"Expression\":{\"Column\":{\"Expression\":{\"SourceRef\":{\"Source\":\"i\"}},\"Property\":\"Quantity\"}},\"Function\":0},\"Name\":\"Sum(Inventory.Quantity)\",\"NativeReferenceName\":\"Quantity\"}]},\"autoSelectVisualType\":true,\"drillFilterOtherVisuals\":true}}",
          "filters": "[]",
          "height": 220.00,
          "width": 280.00,
          "x": 10.00,
          "y": 0.00,
          "z": 0.00
        }
      ],
      "width": 320.00
    },
    {
      "config": "{}",
      "displayName": "Custom visuals",
      "displayOption": 1,
      "filters": "[]",
      "height": 720.00,
      "name": "ReportSectionced22200e213f42c2058",
      "ordinal": 3,
      "visualContainers": [
        {
          "config": "{\"name\":\"0f2d9f89bd9c0e146925\",\"layouts\":[{\"id\":0,\"position\":{\"x\":613.7274220032841,\"y\":408.80131362889983,\"z\":0,\"width\":441.3793103448276,\"height\":311.0673234811166,\"tabOrder\":0}}],\"singleVisual\":{\"visualType\":\"BarChartF5983CEA542C47889C9DE852B430DE5F\",\"projections\":{\"category\":[{\"queryRef\":\"Inventory.Item\",\"active\":true}],\"measure\":[{\"queryRef\":\"Sum(Inventory.Quantity)\"}]},\"prototypeQuery\":{\"Version\":2,\"From\":[{\"Name\":\"i\",\"Entity\":\"Inventory\",\"Type\":0}],\"Select\":[{\"Column\":{\"Expression\":{\"SourceRef\":{\"Source\":\"i\"}},\"Property\":\"Item\"},\"Name\":\"Inventory.Item\",\"NativeReferenceName\":\"Item\"},{\"Aggregation\":{\"Expression\":{\"Column\":{\"Expression\":{\"SourceRef\":{\"Source\":\"i\"}},\"Property\":\"Quantity\"}},\"Function\":0},\"Name\":\"Sum(Inventory.Quantity)\",\"NativeReferenceName\":\"Quantity\"}],\"OrderBy\":[{\"Direction\":2,\"Expression\":{\"Aggregation\":{\"Expression\":{\"Column\":{\"Expression\":{\"SourceRef\":{\"Source\":\"i\"}},\"Property\":\"Quantity\"}},\"Function\":0}}}]},\"display\":{\"mode\":\"hidden\"},\"drillFilterOtherVisuals\":true}}",
          "filters": "[]",
          "height": 311.07,
          "width": 441.38,
          "x": 613.73,
          "y": 408.80,
          "z": 0.00
        },
        {
          "config": "{\"name\":\"3079984930093299b0b3\",\"layouts\":[{\"id\":0,\"position\":{\"x\":65.69786535303777,\"y\":121.39573070607554,\"z\":1000,\"width\":441.3793103448276,\"height\":311.0673234811166,\"tabOrder\":1000}}],\"singleVisual\":{\"visualType\":\"BarChartF5983CEA542C47889C9DE852B430DE5F\",\"projections\":{\"category\":[{\"queryRef\":\"Inventory.Item\",\"active\":true}],\"measure\":[{\"queryRef\":\"Sum(Inventory.Quantity)\"}]},\"prototypeQuery\":{\"Version\":2,\"From\":[{\"Name\":\"i\",\"Entity\":\"Inventory\",\"Type\":0}],\"Select\":[{\"Column\":{\"Expression\":{\"SourceRef\":{\"Source\":\"i\"}},\"Property\":\"Item\"},\"Name\":\"Inventory.Item\",\"NativeReferenceName\":\"Item\"},{\"Aggregation\":{\"Expression\":{\"Column\":{\"Expression\":{\"SourceRef\":{\"Source\":\"i\"}},\"Property\":\"Quantity\"}},\"Function\":0},\"Name\":\"Sum(Inventory.Quantity)\",\"NativeReferenceName\":\"Quantity\"}],\"OrderBy\":[{\"Direction\":2,\"Expression\":{\"Aggregation\":{\"Expression\":{\"Column\":{\"Expression\":{\"SourceRef\":{\"Source\":\"i\"}},\"Property\":\"Quantity\"}},\"Function\":0}}}]},\"drillFilterOtherVisuals\":true}}",
          "filters": "[]",
          "height": 311.07,
          "width": 441.38,
          "x": 65.70,
          "y": 121.40,
          "z": 1000.00
        },
        {
          "config": "{\"name\":\"a278a7ed5075de1f784e\",\"layouts\":[{\"id\":0,\"position\":{\"x\":613.1809523809524,\"y\":121.9047619047619,\"z\":2000,\"width\":472.9904761904762,\"height\":370.5904761904762,\"tabOrder\":2000}}],\"singleVisual\":{\"visualType\":\"Aquarium1442671919391\",\"projections\":{\"Category\":[{\"queryRef\":\"Inventory.Item\"}],\"Series\":[{\"queryRef\":\"Sum(Inventory.Quantity)\"}],\"FishSpeed\":[{\"queryRef\":\"Sum(Inventory.Cost per item)\"}]},\"prototypeQuery\":{\"Version\":2,\"From\":[{\"Name\":\"i\",\"Entity\":\"Inventory\",\"Type\":0}],\"Select\":[{\"Column\":{\"Expression\":{\"SourceRef\":{\"Source\":\"i\"}},\"Property\":\"Item\"},\"Name\":\"Inventory.Item\",\"NativeReferenceName\":\"Item\"},{\"Aggregation\":{\"Expression\":{\"Column\":{\"Expression\":{\"SourceRef\":{\"Source\":\"i\"}},\"Property\":\"Quantity\"}},\"Function\":0},\"Name\":\"Sum(Inventory.Quantity)\",\"NativeReferenceName\":\"Quantity\"},{\"Aggregation\":{\"Expression\":{\"Column\":{\"Expression\":{\"SourceRef\":{\"Source\":\"i\"}},\"Property\":\"Cost per item\"}},\"Function\":0},\"Name\":\"Sum(Inventory.Cost per item)\",\"NativeReferenceName\":\"Cost per item\"}],\"OrderBy\":[{\"Direction\":2,\"Expression\":{\"Aggregation\":{\"Expression\":{\"Column\":{\"Expression\":{\"SourceRef\":{\"Source\":\"i\"}},\"Property\":\"Quantity\"}},\"Function\":0}}}]},\"drillFilterOtherVisuals\":true,\"hasDefaultSort\":true}}",
          "filters": "[]",
          "height": 370.59,
          "width": 472.99,
          "x": 613.18,
          "y": 121.90,
          "z": 2000.00
        }
      ],
      "width": 1280.00
    },
    {
      "config": "{}",
      "displayName": "Measure filtering",
      "displayOption": 1,
      "filters": "[]",
      "height": 720.00,
      "name": "ReportSectionda78c5766b725c3c4ff9",
      "ordinal": 9,
      "visualContainers": [
        {
          "config": "{\"name\":\"20765fa192dcfee4c758\",\"layouts\":[{\"id\":0,\"position\":{\"x\":0,\"y\":0,\"z\":4500,\"width\":197.38317757009344,\"height\":100,\"tabOrder\":2000}}],\"singleVisual\":{\"visualType\":\"image\",\"drillFilterOtherVisuals\":true,\"objects\":{\"general\":[{\"properties\":{\"imageUrl\":{\"expr\":{\"ResourcePackageItem\":{\"PackageName\":\"RegisteredResources\",\"PackageType\":1,\"ItemName\":\"pbilogo011716949638171492.png\"}}}}}]},\"vcObjects\":{\"title\":[{\"properties\":{\"show\":{\"expr\":{\"Literal\":{\"Value\":\"false\"}}},\"text\":{\"expr\":{\"Literal\":{\"Value\":\"'Logo'\"}}}}}]}}}",
          "filters": "[]",
          "height": 100.00,
          "width": 197.38,
          "x": 0.00,
          "y": 0.00,
          "z": 4500.00
        },
        {
          "config": "{\"name\":\"559be0fccb6a87113514\",\"layouts\":[{\"id\":0,\"position\":{\"x\":0,\"y\":142.22222222222223,\"z\":3000,\"width\":1280,\"height\":288.7111111111111,\"tabOrder\":3000}}],\"singleVisual\":{\"visualType\":\"barChart\",\"projections\":{\"Category\":[{\"queryRef\":\"Inventory.Item\",\"active\":true}],\"Y\":[{\"queryRef\":\"Sum(Inventory.Quantity)\"},{\"queryRef\":\"Inventory.Sum of Qty\"}]},\"prototypeQuery\":{\"Version\":2,\"From\":[{\"Name\":\"i\",\"Entity\":\"Inventory\",\"Type\":0}],\"Select\":[{\"Column\":{\"Expression\":{\"SourceRef\":{\"Source\":\"i\"}},\"Property\":\"Item\"},\"Name\":\"Inventory.Item\"},{\"Aggregation\":{\"Expression\":{\"Column\":{\"Expression\":{\"SourceRef\":{\"Source\":\"i\"}},\"Property\":\"Quantity\"}},\"Function\":0},\"Name\":\"Sum(Inventory.Quantity)\"},{\"Measure\":{\"Expression\":{\"SourceRef\":{\"Source\":\"i\"}},\"Property\":\"Sum of Qty\"},\"Name\":\"Inventory.Sum of Qty\",\"NativeReferenceName\":\"Sum of Qty\"}],\"OrderBy\":[{\"Direction\":2,\"Expression\":{\"Aggregation\":{\"Expression\":{\"Column\":{\"Expression\":{\"SourceRef\":{\"Source\":\"i\"}},\"Property\":\"Quantity\"}},\"Function\":0}}}]},\"drillFilterOtherVisuals\":true,\"filterSortOrder\":3,\"hasDefaultSort\":true,\"vcObjects\":{\"title\":[{\"properties\":{\"text\":{\"expr\":{\"Literal\":{\"Value\":\"'Quantity Bar Chart'\"}}}}}],\"subTitle\":[{\"properties\":{\"show\":{\"expr\":{\"Literal\":{\"Value\":\"true\"}}}}}]}}}",
          "filters": "[{\"name\":\"Filter1cbfd358399c63118be2\",\"expression\":{\"Column\":{\"Expression\":{\"SourceRef\":{\"Entity\":\"Inventory\"}},\"Property\":\"Cost per item\"}},\"filter\":{\"Version\":2,\"From\":[{\"Name\":\"i\",\"Entity\":\"Inventory\",\"Type\":0}],\"Where\":[{\"Condition\":{\"Comparison\":{\"ComparisonKind\":1,\"Left\":{\"Column\":{\"Expression\":{\"SourceRef\":{\"Source\":\"i\"}},\"Property\":\"Cost per item\"}},\"Right\":{\"Literal\":{\"Value\":\"1M\"}}}}}]},\"type\":\"Advanced\",\"howCreated\":1,\"ordinal\":0},{\"name\":\"Filter65d494b535ba408dbcc2\",\"expression\":{\"Column\":{\"Expression\":{\"SourceRef\":{\"Entity\":\"Inventory\"}},\"Property\":\"Item\"}},\"type\":\"Categorical\",\"howCreated\":0,\"isHiddenInViewMode\":false,\"ordinal\":1},{\"name\":\"Filter9c003871696b5db7c30f\",\"expression\":{\"Column\":{\"Expression\":{\"SourceRef\":{\"Entity\":\"Inventory\"}},\"Property\":\"Colour\"}},\"filter\":{\"Version\":2,\"From\":[{\"Name\":\"i\",\"Entity\":\"Inventory\",\"Type\":0}],\"Where\":[{\"Condition\":{\"Contains\":{\"Left\":{\"Column\":{\"Expression\":{\"SourceRef\":{\"Source\":\"i\"}},\"Property\":\"Colour\"}},\"Right\":{\"Literal\":{\"Value\":\"'Yellow'\"}}}}}]},\"type\":\"Advanced\",\"howCreated\":1,\"ordinal\":2},{\"name\":\"Filter55ccd94982c4a2e3c70e\",\"expression\":{\"Measure\":{\"Expression\":{\"SourceRef\":{\"Entity\":\"Inventory\"}},\"Property\":\"Sum of Qty\"}},\"filter\":{\"Version\":2,\"From\":[{\"Name\":\"i\",\"Entity\":\"Inventory\",\"Type\":0}],\"Where\":[{\"Condition\":{\"Comparison\":{\"ComparisonKind\":3,\"Left\":{\"Measure\":{\"Expression\":{\"SourceRef\":{\"Source\":\"i\"}},\"Property\":\"Sum of Qty\"}},\"Right\":{\"Literal\":{\"Value\":\"30L\"}}}}}]},\"type\":\"Advanced\",\"howCreated\":0,\"ordinal\":3},{\"name\":\"Filterc437d3313606133ab5db\",\"expression\":{\"Aggregation\":{\"Expression\":{\"Column\":{\"Expression\":{\"SourceRef\":{\"Entity\":\"Inventory\"}},\"Property\":\"Quantity\"}},\"Function\":0}},\"filter\":{\"Version\":2,\"From\":[{\"Name\":\"i\",\"Entity\":\"Inventory\",\"Type\":0}],\"Where\":[{\"Condition\":{\"Comparison\":{\"ComparisonKind\":3,\"Left\":{\"Aggregation\":{\"Expression\":{\"Column\":{\"Expression\":{\"SourceRef\":{\"Source\":\"i\"}},\"Property\":\"Quantity\"}},\"Function\":0}},\"Right\":{\"Literal\":{\"Value\":\"30L\"}}}}}]},\"type\":\"Advanced\",\"howCreated\":0,\"isHiddenInViewMode\":false,\"ordinal\":4}]",
          "height": 288.71,
          "width": 1280.00,
          "x": 0.00,
          "y": 142.22,
          "z": 3000.00
        },
        {
          "config": "{\"name\":\"75c1f0c92c7a38225ca4\",\"layouts\":[{\"id\":0,\"position\":{\"x\":0,\"y\":430.93333333333334,\"z\":1000,\"width\":1280,\"height\":288.7111111111111,\"tabOrder\":1000}}],\"singleVisual\":{\"visualType\":\"columnChart\",\"projections\":{\"Category\":[{\"queryRef\":\"Inventory.Item\",\"active\":true}],\"Y\":[{\"queryRef\":\"Sum(Inventory.Quantity)\"}]},\"prototypeQuery\":{\"Version\":2,\"From\":[{\"Name\":\"i\",\"Entity\":\"Inventory\",\"Type\":0}],\"Select\":[{\"Column\":{\"Expression\":{\"SourceRef\":{\"Source\":\"i\"}},\"Property\":\"Item\"},\"Name\":\"Inventory.Item\"},{\"Aggregation\":{\"Expression\":{\"Column\":{\"Expression\":{\"SourceRef\":{\"Source\":\"i\"}},\"Property\":\"Quantity\"}},\"Function\":0},\"Name\":\"Sum(Inventory.Quantity)\"}],\"OrderBy\":[{\"Direction\":2,\"Expression\":{\"Aggregation\":{\"Expression\":{\"Column\":{\"Expression\":{\"SourceRef\":{\"Source\":\"i\"}},\"Property\":\"Quantity\"}},\"Function\":0}}}]},\"drillFilterOtherVisuals\":true,\"hasDefaultSort\":true,\"vcObjects\":{\"title\":[{\"properties\":{\"text\":{\"expr\":{\"Literal\":{\"Value\":\"'Quantity Column chart'\"}}}}}],\"subTitle\":[{\"properties\":{\"show\":{\"expr\":{\"Literal\":{\"Value\":\"true\"}}}}}]}}}",
          "filters": "[{\"expression\":{\"Aggregation\":{\"Expression\":{\"Column\":{\"Expression\":{\"SourceRef\":{\"Entity\":\"Inventory\"}},\"Property\":\"Quantity\"}},\"Function\":0}},\"filter\":{\"Version\":2,\"From\":[{\"Name\":\"i\",\"Entity\":\"Inventory\",\"Type\":0}],\"Where\":[{\"Condition\":{\"Comparison\":{\"ComparisonKind\":3,\"Left\":{\"Aggregation\":{\"Expression\":{\"Column\":{\"Expression\":{\"SourceRef\":{\"Source\":\"i\"}},\"Property\":\"Quantity\"}},\"Function\":0}},\"Right\":{\"Literal\":{\"Value\":\"25L\"}}}}}]},\"type\":\"Advanced\",\"howCreated\":0,\"isHiddenInViewMode\":false}]",
          "height": 288.71,
          "width": 1280.00,
          "x": 0.00,
          "y": 430.93,
          "z": 1000.00
        },
        {
          "config": "{\"name\":\"cfd3bb0c5f3fd3aaca0c\",\"layouts\":[{\"id\":0,\"position\":{\"x\":263.1111111111111,\"y\":0,\"z\":4250,\"width\":207.64444444444445,\"height\":109.5111111111111,\"tabOrder\":0}}],\"singleVisual\":{\"visualType\":\"card\",\"projections\":{\"Values\":[{\"queryRef\":\"Sum(Inventory.Quantity)\"}]},\"prototypeQuery\":{\"Version\":2,\"From\":[{\"Name\":\"i\",\"Entity\":\"Inventory\",\"Type\":0}],\"Select\":[{\"Aggregation\":{\"Expression\":{\"Column\":{\"Expression\":{\"SourceRef\":{\"Source\":\"i\"}},\"Property\":\"Quantity\"}},\"Function\":0},\"Name\":\"Sum(Inventory.Quantity)\"}],\"OrderBy\":[{\"Direction\":2,\"Expression\":{\"Aggregation\":{\"Expression\":{\"Column\":{\"Expression\":{\"SourceRef\":{\"Source\":\"i\"}},\"Property\":\"Quantity\"}},\"Function\":0}}}]},\"columnProperties\":{\"Sum(Inventory.Quantity)\":{\"displayName\":\"Quantity\"}},\"drillFilterOtherVisuals\":true,\"hasDefaultSort\":true}}",
          "filters": "[]",
          "height": 109.51,
          "width": 207.64,
          "x": 263.11,
          "y": 0.00,
          "z": 4250.00
        },
        {
          "config": "{\"name\":\"de394a09580f676104f7\",\"layouts\":[{\"id\":0,\"position\":{\"x\":995.6908665105386,\"y\":0,\"z\":4000,\"width\":284.1217798594848,\"height\":75.0351288056206,\"tabOrder\":4000}}],\"singleVisual\":{\"visualType\":\"slicer\",\"projections\":{\"Values\":[{\"queryRef\":\"Inventory.Item\",\"active\":true}]},\"prototypeQuery\":{\"Version\":2,\"From\":[{\"Name\":\"i\",\"Entity\":\"Inventory\",\"Type\":0}],\"Select\":[{\"Column\":{\"Expression\":{\"SourceRef\":{\"Source\":\"i\"}},\"Property\":\"Item\"},\"Name\":\"Inventory.Item\"}]},\"drillFilterOtherVisuals\":true,\"objects\":{\"data\":[{\"properties\":{\"mode\":{\"expr\":{\"Literal\":{\"Value\":\"'Dropdown'\"}}}}}],\"general\":[{\"properties\":{}}]}}}",
          "filters": "[]",
          "height": 75.04,
          "width": 284.12,
          "x": 995.69,
          "y": 0.00,
          "z": 4000.00
        }
      ],
      "width": 1280.00
    },
    {
      "config": "{}",
      "displayName": "Visible and Hidden Visuals",
      "displayOption": 1,
      "filters": "[]",
      "height": 720.00,
      "name": "ReportSectionfb0835fa991786b43a3f",
      "ordinal": 2,
      "visualContainers": [
        {
          "config": "{\"name\":\"1b9a3c4d92e7ac303246\",\"layouts\":[{\"id\":0,\"position\":{\"x\":263.1111111111111,\"y\":0,\"z\":4000,\"width\":207.64444444444445,\"height\":109.5111111111111,\"tabOrder\":1000}}],\"singleVisual\":{\"visualType\":\"card\",\"projections\":{\"Values\":[{\"queryRef\":\"Sum(Inventory.Quantity)\"}]},\"prototypeQuery\":{\"Version\":2,\"From\":[{\"Name\":\"i\",\"Entity\":\"Inventory\",\"Type\":0}],\"Select\":[{\"Aggregation\":{\"Expression\":{\"Column\":{\"Expression\":{\"SourceRef\":{\"Source\":\"i\"}},\"Property\":\"Quantity\"}},\"Function\":0},\"Name\":\"Sum(Inventory.Quantity)\"}],\"OrderBy\":[{\"Direction\":2,\"Expression\":{\"Aggregation\":{\"Expression\":{\"Column\":{\"Expression\":{\"SourceRef\":{\"Source\":\"i\"}},\"Property\":\"Quantity\"}},\"Function\":0}}}]},\"columnProperties\":{\"Sum(Inventory.Quantity)\":{\"displayName\":\"Quantity\"}},\"drillFilterOtherVisuals\":true,\"hasDefaultSort\":true}}",
          "filters": "[]",
          "height": 109.51,
          "width": 207.64,
          "x": 263.11,
          "y": 0.00,
          "z": 4000.00
        },
        {
          "config": "{\"name\":\"28b48968b2f2ffad6c55\",\"layouts\":[{\"id\":0,\"position\":{\"x\":995.6908665105386,\"y\":0,\"z\":3000,\"width\":284.1217798594848,\"height\":75.0351288056206,\"tabOrder\":5000}}],\"singleVisual\":{\"visualType\":\"slicer\",\"projections\":{\"Values\":[{\"queryRef\":\"Inventory.Item\",\"active\":true}]},\"prototypeQuery\":{\"Version\":2,\"From\":[{\"Name\":\"i\",\"Entity\":\"Inventory\",\"Type\":0}],\"Select\":[{\"Column\":{\"Expression\":{\"SourceRef\":{\"Source\":\"i\"}},\"Property\":\"Item\"},\"Name\":\"Inventory.Item\"}]},\"drillFilterOtherVisuals\":true,\"objects\":{\"data\":[{\"properties\":{\"mode\":{\"expr\":{\"Literal\":{\"Value\":\"'Dropdown'\"}}}}}],\"general\":[{\"properties\":{}}]}}}",
          "filters": "[]",
          "height": 75.04,
          "width": 284.12,
          "x": 995.69,
          "y": 0.00,
          "z": 3000.00
        },
        {
          "config": "{\"name\":\"4df7d75ef1fbfd2581e3\",\"layouts\":[{\"id\":0,\"position\":{\"x\":0,\"y\":142.22222222222223,\"z\":2000,\"width\":1280,\"height\":288.7111111111111,\"tabOrder\":4000}}],\"singleVisual\":{\"visualType\":\"barChart\",\"projections\":{\"Category\":[{\"queryRef\":\"Inventory.Item\",\"active\":true}],\"Y\":[{\"queryRef\":\"Sum(Inventory.Quantity)\"}]},\"prototypeQuery\":{\"Version\":2,\"From\":[{\"Name\":\"i\",\"Entity\":\"Inventory\",\"Type\":0}],\"Select\":[{\"Column\":{\"Expression\":{\"SourceRef\":{\"Source\":\"i\"}},\"Property\":\"Item\"},\"Name\":\"Inventory.Item\"},{\"Aggregation\":{\"Expression\":{\"Column\":{\"Expression\":{\"SourceRef\":{\"Source\":\"i\"}},\"Property\":\"Quantity\"}},\"Function\":0},\"Name\":\"Sum(Inventory.Quantity)\"}],\"OrderBy\":[{\"Direction\":2,\"Expression\":{\"Aggregation\":{\"Expression\":{\"Column\":{\"Expression\":{\"SourceRef\":{\"Source\":\"i\"}},\"Property\":\"Quantity\"}},\"Function\":0}}}]},\"drillFilterOtherVisuals\":true,\"hasDefaultSort\":true,\"vcObjects\":{\"title\":[{\"properties\":{\"text\":{\"expr\":{\"Literal\":{\"Value\":\"'Quantity Bar Chart'\"}}}}}],\"subTitle\":[{\"properties\":{\"show\":{\"expr\":{\"Literal\":{\"Value\":\"true\"}}}}}]}}}",
          "filters": "[]",
          "height": 288.71,
          "width": 1280.00,
          "x": 0.00,
          "y": 142.22,
          "z": 2000.00
        },
        {
          "config": "{\"name\":\"c5be22dcf11a01f64810\",\"layouts\":[{\"id\":0,\"position\":{\"x\":0,\"y\":430.93333333333334,\"z\":1000,\"width\":1280,\"height\":288.7111111111111,\"tabOrder\":2000}}],\"singleVisual\":{\"visualType\":\"columnChart\",\"projections\":{\"Category\":[{\"queryRef\":\"Inventory.Item\",\"active\":true}],\"Y\":[{\"queryRef\":\"Sum(Inventory.Quantity)\"}]},\"prototypeQuery\":{\"Version\":2,\"From\":[{\"Name\":\"i\",\"Entity\":\"Inventory\",\"Type\":0}],\"Select\":[{\"Column\":{\"Expression\":{\"SourceRef\":{\"Source\":\"i\"}},\"Property\":\"Item\"},\"Name\":\"Inventory.Item\"},{\"Aggregation\":{\"Expression\":{\"Column\":{\"Expression\":{\"SourceRef\":{\"Source\":\"i\"}},\"Property\":\"Quantity\"}},\"Function\":0},\"Name\":\"Sum(Inventory.Quantity)\"}],\"OrderBy\":[{\"Direction\":2,\"Expression\":{\"Aggregation\":{\"Expression\":{\"Column\":{\"Expression\":{\"SourceRef\":{\"Source\":\"i\"}},\"Property\":\"Quantity\"}},\"Function\":0}}}]},\"display\":{\"mode\":\"hidden\"},\"drillFilterOtherVisuals\":true,\"hasDefaultSort\":true,\"vcObjects\":{\"title\":[{\"properties\":{\"text\":{\"expr\":{\"Literal\":{\"Value\":\"'Quantity Column chart'\"}}}}}],\"subTitle\":[{\"properties\":{\"show\":{\"expr\":{\"Literal\":{\"Value\":\"true\"}}}}}]}}}",
          "filters": "[]",
          "height": 288.71,
          "width": 1280.00,
          "x": 0.00,
          "y": 430.93,
          "z": 1000.00
        },
        {
          "config": "{\"name\":\"d3ccc97e9c739fe9da2a\",\"layouts\":[{\"id\":0,\"position\":{\"x\":0,\"y\":0,\"z\":5000,\"width\":197.38317757009344,\"height\":100,\"tabOrder\":3000}}],\"singleVisual\":{\"visualType\":\"image\",\"drillFilterOtherVisuals\":true,\"objects\":{\"general\":[{\"properties\":{\"imageUrl\":{\"expr\":{\"ResourcePackageItem\":{\"PackageName\":\"RegisteredResources\",\"PackageType\":1,\"ItemName\":\"pbilogo011716949638171492.png\"}}}}}]},\"vcObjects\":{\"title\":[{\"properties\":{\"show\":{\"expr\":{\"Literal\":{\"Value\":\"false\"}}},\"text\":{\"expr\":{\"Literal\":{\"Value\":\"'Logo'\"}}}}}]}}}",
          "filters": "[]",
          "height": 100.00,
          "width": 197.38,
          "x": 0.00,
          "y": 0.00,
          "z": 5000.00
        }
      ],
      "width": 1280.00
    }
  ]
}