{
  "pbiEntries": [
    {
      "name": "reportLayout",
      "pbixEntryPath": "Report/Layout",
      "pbipEntryPath": "report.json",
      "contentType": "json",
      "codepage": 1200,
      "rules": [
        {
          "name": "Remove custom visuals which are not used in the report.",
          "description": "Returns an array of custom visual names to be removed if any. To disable this rule, mark it as disabled in the base rules file.",
          "logType": "warning",
          "disabled": false,
          "path": "$",
          "pathErrorWhenNoMatch": false,
          "test": [
            {
              "filter": [
                {
                  "map": [
                    {
                      "var": "customvis"
                    },
                    {
                      "if": [
                        {
                          "==": [
                            {
                              "strcontains": [
                                {
                                  "tostring": [
                                    {
                                      "var": "pages"
                                    }
                                  ]
                                },
                                {
                                  "var": ""
                                }
                              ]
                            },
                            0
                          ]
                        },
                        {
                          "var": ""
                        },
                        ""
                      ]
                    }
                  ]
                },
                {
                  "!!": [
                    {
                      "var": ""
                    }
                  ]
                }
              ]
            },
            {
              "customvis": "/publicCustomVisuals",
              "pages": "/sections"
            },
            []
          ]
        },
        {
          "name": "Reduce the number of visible visuals on the page",
          "description": "Reports a test fail if the rule's maximum number of visible visuals on the page is exceeded. By default the base rules file specifies 20 as the maximum, set the paramMaxVisualsPerPage parameter to change this. To disable this rule, mark it as disabled in the base rules file.",
          "logType": "warning",
          "disabled": false,
          "forEachPath": "$.sections[*]",
          "forEachPathName": "$.name",
          "forEachPathDisplayName": "$.displayName",
          "path": "$.visualContainers[*].config",
          "pathErrorWhenNoMatch": false,
          "test": [
            {
              "<=": [
                {
                  "count": [
                    {
                      "filter": [
                        {
                          "var": "visuals"
                        },
                        {
                          "and": [
                            {
                              "!=": [
                                {
                                  "var": "singleVisual.display.mode"
                                },
                                "hidden"
                              ]
                            },
                            {
                              "!": [
                                {
                                  "in": [
                                    {
                                      "var": "singleVisual.visualType"
                                    },
                                    [
                                      "shape",
                                      "slicer",
                                      "actionButton",
                                      "textbox"
                                    ]
                                  ]
                                }
                              ]
                            }
                          ]
                        }
                      ]
                    }
                  ]
                },
                {
                  "var": "paramMaxVisualsPerPage"
                }
              ]
            },
            {
              "visuals": ".",
              "paramMaxVisualsPerPage": 20
            },
            true
          ]
        },
        {
          "name": "Reduce the number of objects within visuals",
          "description": "Reports a test fail if the rule's maximum number of objects within visuals on a page is exceeded. An object is a data field that is assigned to a visual. By default, the base rules file specifies 6 as the maximum objects within a visual. To disable this rule, mark it as disabled in the base rules file.",
          "logType": "warning",
          "disabled": false,
          "forEachPath": "$.sections[*]",
          "forEachPathName": "$.name",
          "forEachPathDisplayName": "$.displayName",
          "path": "$.visualContainers[*].config",
          "pathErrorWhenNoMatch": false,
          "test": [
            {
              "map": [
                {
                  "filter": [
                    {
                      "var": "q"
                    },
                    {
                      ">": [
                        {
                          "count": [
                            {
                              "var": "singleVisual.prototypeQuery.Select"
                            }
                          ]
                        },
                        6
                      ]
                    }
                  ]
                },
                {
                  "var": "name"
                }
              ]
            },
            {
              "q": "."
            },
            []
          ]
        },
        {
          "name": "Reduce usage of TopN filtering visuals by page",
          "description": "Reports a test fail if the rule's maximum number of visuals using TopN filtering on a the page is exceeded. By default the base rules file specifies 4 as the maximum objects within a visual, set the paramMaxTopNFilteringPerPage to change this. To disable this rule, mark it as disabled in the base rules file.",
          "logType": "warning",
          "disabled": false,
          "forEachPath": "$.sections[*]",
          "forEachPathName": "$.name",
          "forEachPathDisplayName": "$.displayName",
          "path": "$.visualContainers[*].filters",
          "pathErrorWhenNoMatch": false,
          "test": [
            {
              "<=": [
                {
                  "count": [
                    {
                      "filter": [
                        {
                          "var": "f"
                        },
                        {
                          "some": [
                            {
                              "var": ""
                            },
                            {
                              "==": [
                                {
                                  "var": "type"
                                },
                                "TopN"
                              ]
                            }
                          ]
                        }
                      ]
                    }
                  ]
                },
                {
                  "var": "paramMaxTopNFilteringPerPage"
                }
              ]
            },
            {
              "f": ".",
              "paramMaxTopNFilteringPerPage": 4
            },
            true
          ]
        },
        {
          "name": "Reduce usage of Advanced filtering visuals by page",
          "description": "Reports a test fail if the rule's maximum number of visuals using Advanced filtering on a the page is exceeded. By default, the base rules file specifies 4 as the maximum objects within a visual, set the paramMaxAdvancedFilteringVisualsPerPage parameter value to change this. To disable this rule, mark it as disabled in the base rules file.",
          "logType": "warning",
          "disabled": false,
          "forEachPath": "$.sections[*]",
          "forEachPathName": "$.name",
          "forEachPathDisplayName": "$.displayName",
          "path": "$.visualContainers[*].filters",
          "pathErrorWhenNoMatch": false,
          "test": [
            {
              "<=": [
                {
                  "count": [
                    {
                      "filter": [
                        {
                          "var": "f"
                        },
                        {
                          "some": [
                            {
                              "var": ""
                            },
                            {
                              "==": [
                                {
                                  "var": "type"
                                },
                                "Advanced"
                              ]
                            }
                          ]
                        }
                      ]
                    }
                  ]
                },
                {
                  "var": "paramMaxAdvancedFilteringVisualsPerPage"
                }
              ]
            },
            {
              "f": ".",
              "paramMaxAdvancedFilteringVisualsPerPage": 4
            },
            true
          ]
        },
        {
          "name": "Reduce number of pages per report",
          "description": "Reports a test fail if the rule's maximum number of pages per report is exceeded. By default, the base rules file specifies 10 as the maximum number of pages. Set the paramMaxNumberOfPagesPerReport parameter to change this. To disable this rule, mark it as disabled in the base rules file.",
          "logType": "warning",
          "disabled": false,
          "path": "$.sections",
          "pathErrorWhenNoMatch": true,
          "test": [
            {
              "<=": [
                {
                  "count": [
                    {
                      "var": "s"
                    }
                  ]
                },
                {
                  "var": "paramMaxNumberOfPagesPerReport"
                }
              ]
            },
            {
              "s": ".",
              "paramMaxNumberOfPagesPerReport": 10
            },
            true
          ]
        },
        {
          "name": "Avoid setting ‘Show items with no data’ on columns",
          "description": "Returns an array of visual names which have the option ‘Show items with no data’ enabled on one or more columns. To disable this rule, mark it as disabled in the base rules file.",
          "logType": "warning",
          "disabled": false,
          "forEachPath": "$.sections[*]",
          "forEachPathName": "$.name",
          "forEachPathDisplayName": "$.displayName",
          "path": "$.visualContainers[*].config",
          "pathErrorWhenNoMatch": false,
          "test": [
            {
              "map": [
                {
                  "filter": [
                    {
                      "map": [
                        {
                          "var": "c"
                        },
                        [
                          {
                            "var": "name"
                          },
                          {
                            "!!": [
                              {
                                "var": "singleVisual.showAllRoles"
                              }
                            ]
                          }
                        ]
                      ]
                    },
                    {
                      "var": 1
                    }
                  ]
                },
                {
                  "var": 0
                }
              ]
            },
            {
              "c": "."
            },
            []
          ]
        },
        {
          "name": "Tooltip and Drillthrough pages should be hidden",
          "description": "Reports a test fail if a page of type Tooltip or Drillthrough is visible. To disable this rule, mark it as disabled in the base rules file.",
          "logType": "warning",
          "disabled": false,
          "forEachPath": "$.sections[*]",
          "forEachPathName": "$.name",
          "forEachPathDisplayName": "$.displayName",
          "path": "$.config",
          "pathErrorWhenNoMatch": true,
          "test": [
            {
              "none": [
                {
                  "var": "c"
                },
                {
                  "and": [
                    {
                      "in": [
                        {
                          "var": "type"
                        },
                        [
                          1,
                          2
                        ]
                      ]
                    },
                    {
                      "!=": [
                        {
                          "var": "visibility"
                        },
                        1
                      ]
                    }
                  ]
                }
              ]
            },
            {
              "c": "."
            },
            true
          ]
        },
        {
          "name": "Ensure charts use theme colours",
          "description": "Check that charts (excluding textboxes) avoid custom colours and use theme colours instead. To disable this rule, mark it as disabled in the base rules file.",
          "disabled": false,
          "logType": "error",
          "forEachPath": "$.sections[*]",
          "forEachPathName": "$.name",
          "forEachPathDisplayName": "$.displayName",
          "path": "$.visualContainers[*].config",
          "pathErrorWhenNoMatch": false,
          "test": [
            {
              "map": [
                {
                  "filter": [
                    {
                      "var": "visualsConfigArray"
                    },
                    {
                      "and": [
                        {
                          "!": [
                            {
                              "in": [
                                {
                                  "var": "singleVisual.visualType"
                                },
                                [
                                  "textbox"
                                ]
                              ]
                            }
                          ]
                        },
                        {
                          "strcontains": [
                            {
                              "tostring": [
                                {
                                  "var": ""
                                }
                              ]
                            },
                            "#([A-Fa-f0-9]{6}|[A-Fa-f0-9]{3})"
                          ]
                        }
                      ]
                    }
                  ]
                },
                {
                  "var": "name"
                }
              ]
            },
            {
              "visualsConfigArray": "."
            },
            []
          ]
        },
        {
          "name": "Ensure pages do not scroll vertically",
          "description": "Returns an array of visible page names with a height great than 720px. Modify the rule parameter value if a different maximum height value is required. To disable this rule, mark it as disabled in the base rules file.",
          "disabled": false,
          "logType": "warning",
          "path": "$.sections[*]",
          "pathErrorWhenNoMatch": false,
          "test": [
            {
              "map": [
                {
                  "filter": [
                    {
                      "var": "pageArray"
                    },
                    {
                      "and": [
                        {
                          ">": [
                            {
                              "var": "height"
                            },
                            {
                              "var": "paramMaxAllowedPageHeight"
                            }
                          ]
                        },
                        {
                          "!=": [
                            {
                              "drillvar": "config>visibility"
                            },
                            1
                          ]
                        }
                      ]
                    }
                  ]
                },
                {
                  "var": "displayName"
                }
              ]
            },
            {
              "pageArray": ".",
              "paramMaxAllowedPageHeight": 720
            },
            []
          ]
        },
        {
          "name": "Ensure alternativeText has been defined for all visuals",
          "description": "Alt-text is required for screen readers",
          "disabled": true,
          "logType": "warning",
          "forEachPath": "$.sections[*]",
          "forEachPathName": "$.name",
          "forEachPathDisplayName": "$.displayName",
          "path": "$.visualContainers[*].config",
          "pathErrorWhenNoMatch": false,
          "test": [
            {
              "map": [
                {
                  "filter": [
                    {
                      "var": "visualsConfigArray"
                    },
                    {
                      "and": [
                        {
                          "!": [
                            {
                              "in": [
                                {
                                  "var": "singleVisual.visualType"
                                },
                                [
                                  "shape"
                                ]
                              ]
                            }
                          ]
                        },
                        {
                          "none": [
                            {
                              "var": "singleVisual.vcObjects.general"
                            },
                            {
                              "or": [
                                {
                                  "!!": [ { "var": "properties.altText.expr.Aggregation" } ]
                                },
                                {
                                  "!=": [
                                    { "var": "properties.altText.expr.Literal.Value" },
                                    "''"
                                  ]
                                }
                              ]
                            }
                          ]
                        }
                      ]
                    }
                  ]
                },
                {
                  "var": "name"
                }
              ]
            },
            {
              "visualsConfigArray": "."
            },
            []
          ]
        },
        {
          "name": "Rule Template",
          "description": "Rule template",
          "disabled": true,
          "logType": "warning",
          "path": "$",
          "pathErrorWhenNoMatch": false,
          "test": [
            true,
            {},
            true
          ]
        }
      ]
    }
  ]
}